<?xml version="1.0" encoding="UTF-8"?>
<project-private xmlns="http://www.netbeans.org/ns/project-private/1">
    <editor-bookmarks xmlns="http://www.netbeans.org/ns/editor-bookmarks/2" lastBookmarkId="0"/>
    <open-files xmlns="http://www.netbeans.org/ns/projectui-open-files/2">
        <group>
            <file>file:/C:/Users/Dre/OneDrive%20-%20Vanier%20College/Documents/FinalProject/FinalProject/src/Source/Staff.java</file>
            <file>file:/C:/Users/Dre/OneDrive%20-%20Vanier%20College/Documents/FinalProject/FinalProject/src/Source/NewFXMain.java</file>
            <file>file:/C:/Users/Dre/OneDrive%20-%20Vanier%20College/Documents/FinalProject/FinalProject/src/Source/Student.java</file>
            <file>file:/C:/Users/Dre/OneDrive%20-%20Vanier%20College/Documents/FinalProject/FinalProject/src/Source/Person.java</file>
            <file>file:/C:/Users/Dre/OneDrive%20-%20Vanier%20College/Documents/FinalProject/FinalProject/src/Source/Department.java</file>
            <file>file:/C:/Users/Dre/OneDrive%20-%20Vanier%20College/Documents/FinalProject/FinalProject/src/Source/FXMLController.java</file>
            <file>file:/C:/Users/Dre/OneDrive%20-%20Vanier%20College/Documents/FinalProject/FinalProject/src/Source/Main.java</file>
            <file>file:/C:/Users/Dre/OneDrive%20-%20Vanier%20College/Documents/FinalProject/FinalProject/src/Source/Teacher.java</file>
            <file>file:/C:/Users/Dre/OneDrive%20-%20Vanier%20College/Documents/FinalProject/FinalProject/src/Source/FXML.fxml</file>
        </group>
    </open-files>
</project-private>
